<?xml version="1.0" encoding="UTF-8"?>
<project-private xmlns="http://www.netbeans.org/ns/project-private/1">
    <editor-bookmarks xmlns="http://www.netbeans.org/ns/editor-bookmarks/2" lastBookmarkId="0"/>
    <open-files xmlns="http://www.netbeans.org/ns/projectui-open-files/2">
        <group>
            <file>file:/Users/pablocarrera/Documents/GitHub/Java/Java%20EE/homework1/web/inbox.xhtml</file>
            <file>file:/Users/pablocarrera/Documents/GitHub/Java/Java%20EE/homework1/web/signup.xhtml</file>
            <file>file:/Users/pablocarrera/Documents/GitHub/Java/Java%20EE/homework1/src/java/com/jsf/UserController.java</file>
            <file>file:/Users/pablocarrera/Documents/GitHub/Java/Java%20EE/homework1/web/templates/main.xhtml</file>
            <file>file:/Users/pablocarrera/Documents/GitHub/Java/Java%20EE/homework1/web/login.xhtml</file>
            <file>file:/Users/pablocarrera/Documents/GitHub/Java/Java%20EE/homework1/web/messages.xhtml</file>
        </group>
    </open-files>
</project-private>
